15;"Error";"Could not copy file http://www.straight.com/files/images/13GoingOn_Image.gif"
16;"Error";"Could not copy file http://www.straight.com/files/images/19Months_image.gif"
23;"Error";"Could not copy file http://www.straight.com/files/images/ADV_Seawall_1898.jpg"
24;"Error";"Could not copy file http://www.straight.com/files/images/ADV_Surf_1898.jpg"
25;"Error";"Could not copy file http://www.straight.com/files/images/AGAINST_ROPES.jpg"
26;"Error";"Could not copy file http://www.straight.com/files/images/ARTPIX_Bonobo_1964.jpg"
27;"Error";"Could not copy file http://www.straight.com/files/images/ARTPIX_Caravan_IOU_1964.jpg"
36;"Error";"Could not copy file http://www.straight.com/files/images/ARTSPIX_Allard_1905.jpg"
59;"Error";"Could not copy file http://www.straight.com/files/images/ARTSPIX_Broken_1923.jpg"
63;"Error";"Could not copy file http://www.straight.com/files/images/ARTSPIX_ChamberChoir2_1920.jpg"
84;"Error";"Could not copy file http://www.straight.com/files/images/ARTSPIX_Daniel_Leveill_1886.jpg"
102;"Error";"Could not copy file http://www.straight.com/files/images/ARTSPIX_Fialkowska_1949.jpg"
106;"Error";"Could not copy file http://www.straight.com/files/images/ARTSPIX_Fleming_1934.jpg"
108;"Error";"Could not copy file http://www.straight.com/files/images/ARTSPIX_Fringe_1970-l.jpg"
145;"Error";"Could not copy file http://www.straight.com/files/images/ARTSPIX_LaSeizieme_1923.jpg"
181;"Error";"Could not copy file http://www.straight.com/files/images/ARTSPIX_Recital_1_1920.jpg"
186;"Error";"Could not copy file http://www.straight.com/files/images/ARTSPIX_Rumba_1962.jpg"
255;"Error";"Could not copy file http://www.straight.com/files/images/ARTS_Fringe_Emelia_IN_1916.jpg"
259;"Error";"Could not copy file http://www.straight.com/files/images/ARTS_Notes_Comix3_1914_1.gif"
265;"Error";"Could not copy file http://www.straight.com/files/images/ART_Abdul_1975.jpg"
266;"Error";"Could not copy file http://www.straight.com/files/images/ART_Aboriginal_1956.jpg"
274;"Error";"Could not copy file http://www.straight.com/files/images/ART_Architect3_1970.jpg"
282;"Error";"Could not copy file http://www.straight.com/files/images/ART_Ballet_3_1937.jpg"
290;"Error";"Could not copy file http://www.straight.com/files/images/ART_Bellydance_1894_1.gif"
303;"Error";"Could not copy file http://www.straight.com/files/images/ART_Bradshaw_1954.jpg"
315;"Error";"Could not copy file http://www.straight.com/files/images/ART_Butterfly_1928.jpg"
316;"Error";"Could not copy file http://www.straight.com/files/images/ART_Cabaret_1978.jpg"
322;"Error";"Could not copy file http://www.straight.com/files/images/ART_Carlson_1901_1.gif"
323;"Error";"Could not copy file http://www.straight.com/files/images/ART_Carnage_1977.jpg"
327;"Error";"Could not copy file http://www.straight.com/files/images/ART_Cavendish_1984.jpg"
335;"Error";"Could not copy file http://www.straight.com/files/images/ART_Chutzpah2_1942.jpg"
336;"Error";"Could not copy file http://www.straight.com/files/images/ART_Cladaveo2_1963.jpg"
341;"Error";"Could not copy file http://www.straight.com/files/images/ART_Comedy_Louis_1921.jpg"
343;"Error";"Could not copy file http://www.straight.com/files/images/ART_Comics_1904.jpg"
344;"Error";"Could not copy file http://www.straight.com/files/images/ART_Common2_1979.jpg"
345;"Error";"Could not copy file http://www.straight.com/files/images/ART_Cosi_1942.jpg"
349;"Error";"Could not copy file http://www.straight.com/files/images/ART_Curators_Slade_1891.jpg"
351;"Error";"Could not copy file http://www.straight.com/files/images/ART_Dance2_1941.jpg"
352;"Error";"Could not copy file http://www.straight.com/files/images/ART_Dance_1944.jpg"
355;"Error";"Could not copy file http://www.straight.com/files/images/ART_Dance_East_1902.jpg"
358;"Error";"Could not copy file http://www.straight.com/files/images/ART_Davidson_1904_1.gif"
359;"Error";"Could not copy file http://www.straight.com/files/images/ART_Desdemona_1945.jpg"
364;"Error";"Could not copy file http://www.straight.com/files/images/ART_Downtown1_1968.jpg"
371;"Error";"Could not copy file http://www.straight.com/files/images/ART_Edge_1906.jpg"
380;"Error";"Could not copy file http://www.straight.com/files/images/ART_Empty_Orchestra_1938.jpg"
385;"Error";"Could not copy file http://www.straight.com/files/images/ART_Faith_1948.jpg"
392;"Error";"Could not copy file http://www.straight.com/files/images/ART_Festival3_1957.jpg"
398;"Error";"Could not copy file http://www.straight.com/files/images/ART_Flea_1920.jpg"
405;"Error";"Could not copy file http://www.straight.com/files/images/ART_Fringe_SFeder.jpg"
406;"Error";"Could not copy file http://www.straight.com/files/images/ART_Frontierspace_1965.jpg"
416;"Error";"Could not copy file http://www.straight.com/files/images/ART_Global1_1948.jpg"
417;"Error";"Could not copy file http://www.straight.com/files/images/ART_Gluzman_1949.jpg"
419;"Error";"Could not copy file http://www.straight.com/files/images/ART_Goebbels_1898.jpg"
421;"Error";"Could not copy file http://www.straight.com/files/images/ART_Gomyo_1890.jpg"
423;"Error";"Could not copy file http://www.straight.com/files/images/ART_Green_85.jpg"
451;"Error";"Could not copy file http://www.straight.com/files/images/ART_Impromptu_1946.jpg"
456;"Error";"Could not copy file http://www.straight.com/files/images/ART_Joe_Ink.jpg"
463;"Error";"Could not copy file http://www.straight.com/files/images/ART_Koh_1936.jpg"
465;"Error";"Could not copy file http://www.straight.com/files/images/ART_Konoval_1980.jpg"
466;"Error";"Could not copy file http://www.straight.com/files/images/ART_Ladyboyz_2_1921.jpg"
467;"Error";"Could not copy file http://www.straight.com/files/images/ART_Lang_Lang_1925.jpg"
470;"Error";"Could not copy file http://www.straight.com/files/images/ART_Leblanc_1965.jpg"
474;"Error";"Could not copy file http://www.straight.com/files/images/ART_Long_1_1937.jpg"
479;"Error";"Could not copy file http://www.straight.com/files/images/ART_Madness_1954.jpg"
486;"Error";"Could not copy file http://www.straight.com/files/images/ART_Masked2_1950.jpg"
490;"Error";"Could not copy file http://www.straight.com/files/images/ART_Meyers_1922.jpg"
495;"Error";"Could not copy file http://www.straight.com/files/images/ART_Monk_1977.jpg"
497;"Error";"Could not copy file http://www.straight.com/files/images/ART_Muller_1961.jpg"
502;"Error";"Could not copy file http://www.straight.com/files/images/ART_Music_Ax_1930.jpg"
504;"Error";"Could not copy file http://www.straight.com/files/images/ART_Musique_1974.jpg"
518;"Error";"Could not copy file http://www.straight.com/files/images/ART_PIX_GrupoAmerica_1960.jpg"
523;"Error";"Could not copy file http://www.straight.com/files/images/ART_Peace2_1961.jpg"
526;"Error";"Could not copy file http://www.straight.com/files/images/ART_PeterPan_1981.jpg"
527;"Error";"Could not copy file http://www.straight.com/files/images/ART_Petten_1_1923.jpg"
531;"Error";"Could not copy file http://www.straight.com/files/images/ART_Poetry_1910.jpg"
537;"Error";"Could not copy file http://www.straight.com/files/images/ART_Portrait_1939.jpg"
541;"Error";"Could not copy file http://www.straight.com/files/images/ART_Portrait_1966.jpg"
542;"Error";"Could not copy file http://www.straight.com/files/images/ART_Portrait_1969.jpg"
543;"Error";"Could not copy file http://www.straight.com/files/images/ART_Portrait_1971.jpg"
560;"Error";"Could not copy file http://www.straight.com/files/images/ART_Preview_Music_1889.jpg"
565;"Error";"Could not copy file http://www.straight.com/files/images/ART_Quicken_1943.jpg"
566;"Error";"Could not copy file http://www.straight.com/files/images/ART_Quidam_1897_1.gif"
567;"Error";"Could not copy file http://www.straight.com/files/images/ART_RWBallet2_1941.jpg"
572;"Error";"Could not copy file http://www.straight.com/files/images/ART_Rasputina_1900_1.gif"
573;"Error";"Could not copy file http://www.straight.com/files/images/ART_Requiem_1926.jpg"
575;"Error";"Could not copy file http://www.straight.com/files/images/ART_Revelations_1_1930.jpg"
578;"Error";"Could not copy file http://www.straight.com/files/images/ART_Richter2_1926.jpg"
579;"Error";"Could not copy file http://www.straight.com/files/images/ART_Rite_1947.jpg"
580;"Error";"Could not copy file http://www.straight.com/files/images/ART_Ritmo_1928.jpg"
581;"Error";"Could not copy file http://www.straight.com/files/images/ART_Ritmo_2_1927.jpg"
583;"Error";"Could not copy file http://www.straight.com/files/images/ART_Rodin2_1957.jpg"
585;"Error";"Could not copy file http://www.straight.com/files/images/ART_Rouse_1897_1.gif"
588;"Error";"Could not copy file http://www.straight.com/files/images/ART_Saigon_1954.jpg"
589;"Error";"Could not copy file http://www.straight.com/files/images/ART_Salerno_1954.jpg"
593;"Error";"Could not copy file http://www.straight.com/files/images/ART_Schiff_1974.jpg"
604;"Error";"Could not copy file http://www.straight.com/files/images/ART_Shamata_1902.jpg"
610;"Error";"Could not copy file http://www.straight.com/files/images/ART_Sinatra_1939.jpg"
612;"Error";"Could not copy file http://www.straight.com/files/images/ART_Soweto1_1944.jpg"
613;"Error";"Could not copy file http://www.straight.com/files/images/ART_Stick2_1942.jpg"
614;"Error";"Could not copy file http://www.straight.com/files/images/ART_Strings_1948.jpg"
615;"Error";"Could not copy file http://www.straight.com/files/images/ART_Suicide_1907.jpg"
627;"Error";"Could not copy file http://www.straight.com/files/images/ART_Thaemlitz3_1970-l.jpg"
633;"Error";"Could not copy file http://www.straight.com/files/images/ART_Theatre_1894_1.gif"
638;"Error";"Could not copy file http://www.straight.com/files/images/ART_Theatre_Ali_1887.jpg"
642;"Error";"Could not copy file http://www.straight.com/files/images/ART_Theatre_Cloud_1889.jpg"
644;"Error";"Could not copy file http://www.straight.com/files/images/ART_Theatre_Front_1905.jpg"
652;"Error";"Could not copy file http://www.straight.com/files/images/ART_Theatre_Plum_1887_1.gif"
655;"Error";"Could not copy file http://www.straight.com/files/images/ART_Theatre_SSH_1915.jpg"
656;"Error";"Could not copy file http://www.straight.com/files/images/ART_Theatre_Seven_1897_1.gif"
671;"Error";"Could not copy file http://www.straight.com/files/images/ART_Troy_3_1921.jpg"
675;"Error";"Could not copy file http://www.straight.com/files/images/ART_Two_1953.jpg"
682;"Error";"Could not copy file http://www.straight.com/files/images/ART_Unterspiel3_1960.jpg"
683;"Error";"Could not copy file http://www.straight.com/files/images/ART_Urine_1987.jpg"
693;"Error";"Could not copy file http://www.straight.com/files/images/ART_VisArt1_1956.jpg"
694;"Error";"Could not copy file http://www.straight.com/files/images/ART_VisArt1_1963.jpg"
695;"Error";"Could not copy file http://www.straight.com/files/images/ART_VisArt1_1974.jpg"
696;"Error";"Could not copy file http://www.straight.com/files/images/ART_VisArt2_1941.jpg"
721;"Error";"Could not copy file http://www.straight.com/files/images/ART_Vis_Payne2_1933.jpg"
736;"Error";"Could not copy file http://www.straight.com/files/images/ART_VisualArts_VAG_1901.jpg"
737;"Error";"Could not copy file http://www.straight.com/files/images/ART_Visual_Art_1937.jpg"
741;"Error";"Could not copy file http://www.straight.com/files/images/ART_Visual_Ceramics_1887_1.gif"
742;"Error";"Could not copy file http://www.straight.com/files/images/ART_Visual_Paiement_1890.jpg"
744;"Error";"Could not copy file http://www.straight.com/files/images/ART_Waiting_1943.jpg"
753;"Error";"Could not copy file http://www.straight.com/files/images/ART_WinterArts2_1986.jpg"
758;"Error";"Could not copy file http://www.straight.com/files/images/ART_Youth_1949.jpg"
761;"Error";"Could not copy file http://www.straight.com/files/images/ART_Ziggurat_1907.jpg"
762;"Error";"Could not copy file http://www.straight.com/files/images/ART_tzoKam_1_1930.jpg"
764;"Error";"Could not copy file http://www.straight.com/files/images/Alastair_lg.jpg"
784;"Error";"Could not copy file http://www.straight.com/files/images/BMFF_1.gif"
785;"Error";"Could not copy file http://www.straight.com/files/images/BOO-Pinocchio-1918.jpg"
794;"Error";"Could not copy file http://www.straight.com/files/images/BOO_BookReview3_1948.jpg"
795;"Error";"Could not copy file http://www.straight.com/files/images/BOO_BookWeek_1948.jpg"
798;"Error";"Could not copy file http://www.straight.com/files/images/BOO_Bruce3_1959.jpg"
800;"Error";"Could not copy file http://www.straight.com/files/images/BOO_Burns_80.jpg"
804;"Error";"Could not copy file http://www.straight.com/files/images/BOO_Chong_1973.jpg"
805;"Error";"Could not copy file http://www.straight.com/files/images/BOO_Comix1_1950.jpg"
810;"Error";"Could not copy file http://www.straight.com/files/images/BOO_Godfrey_1973.jpg"
814;"Error";"Could not copy file http://www.straight.com/files/images/BOO_Haunted_1953.jpg"
817;"Error";"Could not copy file http://www.straight.com/files/images/BOO_Kidd2_80.jpg"
818;"Error";"Could not copy file http://www.straight.com/files/images/BOO_Kids1_1948.jpg"
819;"Error";"Could not copy file http://www.straight.com/files/images/BOO_Kids4_1980.jpg"
825;"Error";"Could not copy file http://www.straight.com/files/images/BOO_P5_6_Kids1_1896_1.gif"
837;"Error";"Could not copy file http://www.straight.com/files/images/BOO_SarahVowell_1949.jpg"
838;"Error";"Could not copy file http://www.straight.com/files/images/BOO_Sausage_1928.jpg"
841;"Error";"Could not copy file http://www.straight.com/files/images/BOO_Simpson_1927.jpg"
852;"Error";"Could not copy file http://www.straight.com/files/images/BOV2004_logo_1.gif"
858;"Error";"Could not copy file http://www.straight.com/files/images/BOV_Food&Drink_1918.jpg"
859;"Error";"Could not copy file http://www.straight.com/files/images/BOV_Food1_1970.jpg"
862;"Error";"Could not copy file http://www.straight.com/files/images/BOV_Galleries_1970-l.jpg"
864;"Error";"Could not copy file http://www.straight.com/files/images/BOV_KS_Best_GarageSale_1918.jpg"
869;"Error";"Could not copy file http://www.straight.com/files/images/BOV_Neighborhood_Gas_2_1918.jpg"
870;"Error";"Could not copy file http://www.straight.com/files/images/BOV_Neighborhood_Kerr_1918.jpg"
875;"Error";"Could not copy file http://www.straight.com/files/images/BOV_Southlands_1970.jpg"
879;"Error";"Could not copy file http://www.straight.com/files/images/BOV_Womynsware_1970-l.jpg"
881;"Error";"Could not copy file http://www.straight.com/files/images/BeastieBoys_image_1.gif"
892;"Error";"Could not copy file http://www.straight.com/files/images/Boo_McCormack_80.jpg"
904;"Error";"Could not copy file http://www.straight.com/files/images/CAR_Arnould_1888_1.gif"
905;"Error";"Could not copy file http://www.straight.com/files/images/CAR_Arnould_1889_1.gif"
906;"Error";"Could not copy file http://www.straight.com/files/images/CAR_Arnould_1890_1.gif"
907;"Error";"Could not copy file http://www.straight.com/files/images/CAR_Arnould_1892_1.gif"
908;"Error";"Could not copy file http://www.straight.com/files/images/CAR_Arnould_1893_1.gif"
909;"Error";"Could not copy file http://www.straight.com/files/images/CAR_Arnould_1894_1.gif"
910;"Error";"Could not copy file http://www.straight.com/files/images/CAR_Arnould_1895_1.gif"
911;"Error";"Could not copy file http://www.straight.com/files/images/CAR_Arnould_1896_1.gif"
912;"Error";"Could not copy file http://www.straight.com/files/images/CAR_Arnould_1897_1.gif"
913;"Error";"Could not copy file http://www.straight.com/files/images/CAR_Arnould_1899_1.gif"
914;"Error";"Could not copy file http://www.straight.com/files/images/CAR_Arnould_1899a_1.gif"
915;"Error";"Could not copy file http://www.straight.com/files/images/CAR_Arnould_1900_1.gif"
916;"Error";"Could not copy file http://www.straight.com/files/images/CAR_Arnould_1901_1.gif"
917;"Error";"Could not copy file http://www.straight.com/files/images/CAR_Arnould_1902_1.gif"
918;"Error";"Could not copy file http://www.straight.com/files/images/CAR_Arnould_1903_1.gif"
919;"Error";"Could not copy file http://www.straight.com/files/images/CAR_Arnould_1904_1.gif"
923;"Error";"Could not copy file http://www.straight.com/files/images/CAR_Arnould_1909_1.gif"
924;"Error";"Could not copy file http://www.straight.com/files/images/CAR_Arnould_1910_1.gif"
925;"Error";"Could not copy file http://www.straight.com/files/images/CAR_Arnould_1911_1.gif"
926;"Error";"Could not copy file http://www.straight.com/files/images/CAR_Arnould_1912_1.gif"
927;"Error";"Could not copy file http://www.straight.com/files/images/CAR_Arnould_1913_1.gif"
928;"Error";"Could not copy file http://www.straight.com/files/images/CAR_Arnould_1914_1.gif"
929;"Error";"Could not copy file http://www.straight.com/files/images/CAR_Arnould_1915_1.gif"
930;"Error";"Could not copy file http://www.straight.com/files/images/CAR_Arnould_1916_1.gif"
990;"Error";"Could not copy file http://www.straight.com/files/images/CAR_ErniePook_1903_1.gif"
991;"Error";"Could not copy file http://www.straight.com/files/images/CAR_ErniePook_1955_1.gif"
992;"Error";"Could not copy file http://www.straight.com/files/images/CAR_MEAT_1935_1.gif"
993;"Error";"Could not copy file http://www.straight.com/files/images/CAR_Meat_1928_1.gif"
994;"Error";"Could not copy file http://www.straight.com/files/images/CAR_Meat_1930_1.gif"
995;"Error";"Could not copy file http://www.straight.com/files/images/CAR_Meat_1933_1.gif"
996;"Error";"Could not copy file http://www.straight.com/files/images/CAR_Meat_1937_1.gif"
997;"Error";"Could not copy file http://www.straight.com/files/images/CAR_Meat_1939_1.gif"
999;"Error";"Could not copy file http://www.straight.com/files/images/CAR_Meat_1941_1.gif"
1000;"Error";"Could not copy file http://www.straight.com/files/images/CAR_Meat_1942_1.gif"
1002;"Error";"Could not copy file http://www.straight.com/files/images/CAR_Meat_1944_1.gif"
1006;"Error";"Could not copy file http://www.straight.com/files/images/CAR_Meat_1949_1.gif"
1007;"Error";"Could not copy file http://www.straight.com/files/images/CAR_Meat_1954_1.gif"
1008;"Error";"Could not copy file http://www.straight.com/files/images/CAR_Meat_1955_1.gif"
1009;"Error";"Could not copy file http://www.straight.com/files/images/CAR_Meat_1956_1.gif"
1010;"Error";"Could not copy file http://www.straight.com/files/images/CAR_Meat_1957_1.gif"
1011;"Error";"Could not copy file http://www.straight.com/files/images/CAR_Meat_1961_1.gif"
1012;"Error";"Could not copy file http://www.straight.com/files/images/CAR_Meat_1962_1.gif"
1013;"Error";"Could not copy file http://www.straight.com/files/images/CAR_Meat_1963_1.gif"
1014;"Error";"Could not copy file http://www.straight.com/files/images/CAR_Meat_1964_1.gif"
1015;"Error";"Could not copy file http://www.straight.com/files/images/CAR_Meat_1965_1.gif"
1016;"Error";"Could not copy file http://www.straight.com/files/images/CAR_Meat_1966_1.gif"
1017;"Error";"Could not copy file http://www.straight.com/files/images/CAR_Meat_1967_1.gif"
1018;"Error";"Could not copy file http://www.straight.com/files/images/CAR_Meat_1968_1.gif"
1019;"Error";"Could not copy file http://www.straight.com/files/images/CAR_Meat_1969_1.gif"
1020;"Error";"Could not copy file http://www.straight.com/files/images/CAR_Meat_1970-l_1.gif"
1021;"Error";"Could not copy file http://www.straight.com/files/images/CAR_Meat_1982_1.gif"
1022;"Error";"Could not copy file http://www.straight.com/files/images/CAR_Meat_1983_1.gif"
1025;"Error";"Could not copy file http://www.straight.com/files/images/CAR_Pook_1885_1.gif"
1026;"Error";"Could not copy file http://www.straight.com/files/images/CAR_Pook_1888_1.gif"
1027;"Error";"Could not copy file http://www.straight.com/files/images/CAR_Pook_1889_1.gif"
1028;"Error";"Could not copy file http://www.straight.com/files/images/CAR_Pook_1890_1.gif"
1029;"Error";"Could not copy file http://www.straight.com/files/images/CAR_Pook_1892_1.gif"
1030;"Error";"Could not copy file http://www.straight.com/files/images/CAR_Pook_1893_1.gif"
1031;"Error";"Could not copy file http://www.straight.com/files/images/CAR_Pook_1894_1.gif"
1032;"Error";"Could not copy file http://www.straight.com/files/images/CAR_Pook_1895_1.gif"
1033;"Error";"Could not copy file http://www.straight.com/files/images/CAR_Pook_1896_1.gif"
1034;"Error";"Could not copy file http://www.straight.com/files/images/CAR_Pook_1897_1.gif"
1035;"Error";"Could not copy file http://www.straight.com/files/images/CAR_Pook_1898_1.gif"
1036;"Error";"Could not copy file http://www.straight.com/files/images/CAR_Pook_1899_1.gif"
1037;"Error";"Could not copy file http://www.straight.com/files/images/CAR_Pook_1900_1.gif"
1038;"Error";"Could not copy file http://www.straight.com/files/images/CAR_Pook_1901_1.gif"
1039;"Error";"Could not copy file http://www.straight.com/files/images/CAR_Pook_1902_1.gif"
1040;"Error";"Could not copy file http://www.straight.com/files/images/CAR_Pook_1904_1.gif"
1045;"Error";"Could not copy file http://www.straight.com/files/images/CAR_Pook_1909_1.gif"
1046;"Error";"Could not copy file http://www.straight.com/files/images/CAR_Pook_1910_1.gif"
1047;"Error";"Could not copy file http://www.straight.com/files/images/CAR_Pook_1911_1.gif"
1048;"Error";"Could not copy file http://www.straight.com/files/images/CAR_Pook_1912_1.gif"
1049;"Error";"Could not copy file http://www.straight.com/files/images/CAR_Pook_1913_1.gif"
1050;"Error";"Could not copy file http://www.straight.com/files/images/CAR_Pook_1914_1.gif"
1051;"Error";"Could not copy file http://www.straight.com/files/images/CAR_Pook_1915_1.gif"
1053;"Error";"Could not copy file http://www.straight.com/files/images/CAR_Pook_1917_1.gif"
1055;"Error";"Could not copy file http://www.straight.com/files/images/CAR_Pook_1921_1.gif"
1066;"Error";"Could not copy file http://www.straight.com/files/images/CAR_Pook_1933_1.gif"
1100;"Error";"Could not copy file http://www.straight.com/files/images/CAR_Pook_1974_1.gif"
1113;"Error";"Could not copy file http://www.straight.com/files/images/CAR_RedMeat_1885_1.gif"
1114;"Error";"Could not copy file http://www.straight.com/files/images/CAR_RedMeat_1886_1.gif"
1115;"Error";"Could not copy file http://www.straight.com/files/images/CAR_RedMeat_1888_1.gif"
1116;"Error";"Could not copy file http://www.straight.com/files/images/CAR_RedMeat_1889_1.gif"
1117;"Error";"Could not copy file http://www.straight.com/files/images/CAR_RedMeat_1890_1.gif"
1118;"Error";"Could not copy file http://www.straight.com/files/images/CAR_RedMeat_1892_1.gif"
1119;"Error";"Could not copy file http://www.straight.com/files/images/CAR_RedMeat_1893_1.gif"
1120;"Error";"Could not copy file http://www.straight.com/files/images/CAR_RedMeat_1894_1.gif"
1121;"Error";"Could not copy file http://www.straight.com/files/images/CAR_RedMeat_1895_1.gif"
1122;"Error";"Could not copy file http://www.straight.com/files/images/CAR_RedMeat_1896_1.gif"
1123;"Error";"Could not copy file http://www.straight.com/files/images/CAR_RedMeat_1897_1.gif"
1124;"Error";"Could not copy file http://www.straight.com/files/images/CAR_RedMeat_1898_1.gif"
1125;"Error";"Could not copy file http://www.straight.com/files/images/CAR_RedMeat_1899_1.gif"
1126;"Error";"Could not copy file http://www.straight.com/files/images/CAR_RedMeat_1900_1.gif"
1127;"Error";"Could not copy file http://www.straight.com/files/images/CAR_RedMeat_1901_1.gif"
1128;"Error";"Could not copy file http://www.straight.com/files/images/CAR_RedMeat_1902_1.gif"
1129;"Error";"Could not copy file http://www.straight.com/files/images/CAR_RedMeat_1903_1.gif"
1130;"Error";"Could not copy file http://www.straight.com/files/images/CAR_RedMeat_1904_1.gif"
1131;"Error";"Could not copy file http://www.straight.com/files/images/CAR_RedMeat_1905_1.gif"
1133;"Error";"Could not copy file http://www.straight.com/files/images/CAR_RedMeat_1907_1.gif"
1135;"Error";"Could not copy file http://www.straight.com/files/images/CAR_RedMeat_1909_1.gif"
1136;"Error";"Could not copy file http://www.straight.com/files/images/CAR_RedMeat_1910_1.gif"
1137;"Error";"Could not copy file http://www.straight.com/files/images/CAR_RedMeat_1911_1.gif"
1138;"Error";"Could not copy file http://www.straight.com/files/images/CAR_RedMeat_1913_1.gif"
1139;"Error";"Could not copy file http://www.straight.com/files/images/CAR_RedMeat_1914_1.gif"
1140;"Error";"Could not copy file http://www.straight.com/files/images/CAR_RedMeat_1915_1.gif"
1141;"Error";"Could not copy file http://www.straight.com/files/images/CAR_RedMeat_1916_1.gif"
1142;"Error";"Could not copy file http://www.straight.com/files/images/CAR_RedMeat_1917_1.gif"
1143;"Error";"Could not copy file http://www.straight.com/files/images/CAR_RedMeat_1918_1.gif"
1144;"Error";"Could not copy file http://www.straight.com/files/images/CAR_RedMeat_1919_1.gif"
1145;"Error";"Could not copy file http://www.straight.com/files/images/CAR_RedMeat_1920_1.gif"
1146;"Error";"Could not copy file http://www.straight.com/files/images/CAR_RedMeat_1921_1.gif"
1147;"Error";"Could not copy file http://www.straight.com/files/images/CAR_RedMeat_1922_1.gif"
1148;"Error";"Could not copy file http://www.straight.com/files/images/CAR_RedMeat_1923_1.gif"
1149;"Error";"Could not copy file http://www.straight.com/files/images/CAR_RedMeat_1924_1.gif"
1150;"Error";"Could not copy file http://www.straight.com/files/images/CAR_RedMeat_1925_1.gif"
1151;"Error";"Could not copy file http://www.straight.com/files/images/CAR_RedMeat_1926_1.gif"
1152;"Error";"Could not copy file http://www.straight.com/files/images/CAR_RedMeat_1927_1.gif"
1153;"Error";"Could not copy file http://www.straight.com/files/images/CAR_RedMeat_1929_1.gif"
1154;"Error";"Could not copy file http://www.straight.com/files/images/CAR_RedMeat_1931_1.gif"
1155;"Error";"Could not copy file http://www.straight.com/files/images/CAR_RedMeat_1934_1.gif"
1156;"Error";"Could not copy file http://www.straight.com/files/images/CAR_RedMeat_1936_1.gif"
1157;"Error";"Could not copy file http://www.straight.com/files/images/CAR_RedMeat_1950_1.gif"
1158;"Error";"Could not copy file http://www.straight.com/files/images/CAR_RedMeat_1953_1.gif"
1159;"Error";"Could not copy file http://www.straight.com/files/images/CAR_RedMeat_1960_1.gif"
1163;"Error";"Could not copy file http://www.straight.com/files/images/CAR_RedMeat_1974_1.gif"
1164;"Error";"Could not copy file http://www.straight.com/files/images/CAR_RedMeat_1981_1.gif"
1165;"Error";"Could not copy file http://www.straight.com/files/images/CAR_RedMeat_1984_1.gif"
1166;"Error";"Could not copy file http://www.straight.com/files/images/CAR_RedMeat_1986_1.gif"
1167;"Error";"Could not copy file http://www.straight.com/files/images/CAR_RedMeat_1987_1.gif"
1168;"Error";"Could not copy file http://www.straight.com/files/images/CAR_RedMeat_Template_1.gif"
1169;"Error";"Could not copy file http://www.straight.com/files/images/CAR_Red_Meat_1932_1.gif"
1172;"Error";"Could not copy file http://www.straight.com/files/images/CAR_Sports_1978.jpg"
1173;"Error";"Could not copy file http://www.straight.com/files/images/CAR_TarPaperTown_1894_1.gif"
1174;"Error";"Could not copy file http://www.straight.com/files/images/CAR_TarPaperTown_1911_1.gif"
1175;"Error";"Could not copy file http://www.straight.com/files/images/CAR_TarPaperTown_1913_1.gif"
1176;"Error";"Could not copy file http://www.straight.com/files/images/CAR_TarPaperTown_1914_1.gif"
1177;"Error";"Could not copy file http://www.straight.com/files/images/CAR_TarPaperTown_1923_1.gif"
1179;"Error";"Could not copy file http://www.straight.com/files/images/CAR_TarPaperTown_1938_1.gif"
1180;"Error";"Could not copy file http://www.straight.com/files/images/CAR_TarPaperTown_1939_1.gif"
1182;"Error";"Could not copy file http://www.straight.com/files/images/CAR_TarPaperTown_1942_1.gif"
1187;"Error";"Could not copy file http://www.straight.com/files/images/CAR_TarPaperTown_1950_1.gif"
1188;"Error";"Could not copy file http://www.straight.com/files/images/CAR_TarPaperTown_1951_1.gif"
1192;"Error";"Could not copy file http://www.straight.com/files/images/CAR_TarPaperTown_1956_1.gif"
1193;"Error";"Could not copy file http://www.straight.com/files/images/CAR_TarPaperTown_1957_1.gif"
1194;"Error";"Could not copy file http://www.straight.com/files/images/CAR_TarPaperTown_1958_1.gif"
1198;"Error";"Could not copy file http://www.straight.com/files/images/CAR_TarPaperTown_1964_1.gif"
1203;"Error";"Could not copy file http://www.straight.com/files/images/CAR_TarPaperTown_1978_1.gif"
1204;"Error";"Could not copy file http://www.straight.com/files/images/CAR_TarPaperTown_1981_1.gif"
1206;"Error";"Could not copy file http://www.straight.com/files/images/CAR_TarPaperTown_1987_1.gif"
1209;"Error";"Could not copy file http://www.straight.com/files/images/CAR_TarPaper_1896_1.gif"
1210;"Error";"Could not copy file http://www.straight.com/files/images/CAR_TarPaper_1897_1.gif"
1211;"Error";"Could not copy file http://www.straight.com/files/images/CAR_TarPaper_1898_1.gif"
1212;"Error";"Could not copy file http://www.straight.com/files/images/CAR_TarPaper_1899_1.gif"
1213;"Error";"Could not copy file http://www.straight.com/files/images/CAR_TarPaper_1903_1.gif"
1214;"Error";"Could not copy file http://www.straight.com/files/images/CAR_TarPaper_1909_1.gif"
1215;"Error";"Could not copy file http://www.straight.com/files/images/CAR_TarPaper_1910_1.gif"
1223;"Error";"Could not copy file http://www.straight.com/files/images/CAR_TarPaper_1977_1.gif"
1227;"Error";"Could not copy file http://www.straight.com/files/images/CAR_TarPaper_1985_1.gif"
1231;"Error";"Could not copy file http://www.straight.com/files/images/CAR_Tar_Paper_1893_1.gif"
1232;"Error";"Could not copy file http://www.straight.com/files/images/CAR_Tar_Paper_1901_1.gif"
1233;"Error";"Could not copy file http://www.straight.com/files/images/CAR_Tar_Paper_1902_1.gif"
1234;"Error";"Could not copy file http://www.straight.com/files/images/CAR_Tar_Paper_1904_1.gif"
1239;"Error";"Could not copy file http://www.straight.com/files/images/CAR_Tar_Paper_Town_1885_1.gif"
1240;"Error";"Could not copy file http://www.straight.com/files/images/CAR_Tar_Paper_Town_1888_1.gif"
1241;"Error";"Could not copy file http://www.straight.com/files/images/CAR_Tar_Paper_Town_1889_1.gif"
1242;"Error";"Could not copy file http://www.straight.com/files/images/CAR_Tar_Paper_Town_1890_1.gif"
1243;"Error";"Could not copy file http://www.straight.com/files/images/CAR_Tar_Paper_Town_1892_1.gif"
1244;"Error";"Could not copy file http://www.straight.com/files/images/CAR_Tar_Paper_Town_1895_1.gif"
1245;"Error";"Could not copy file http://www.straight.com/files/images/CAR_Tar_Paper_Town_1900_1.gif"
1247;"Error";"Could not copy file http://www.straight.com/files/images/CAR_Tar_Paper_Town_1907_1.gif"
1249;"Error";"Could not copy file http://www.straight.com/files/images/CAR_Tar_Paper_Town_1915_1.gif"
1250;"Error";"Could not copy file http://www.straight.com/files/images/CAR_Tar_Paper_Town_1916_1.gif"
1251;"Error";"Could not copy file http://www.straight.com/files/images/CAR_Tar_Paper_Town_1917_1.gif"
1252;"Error";"Could not copy file http://www.straight.com/files/images/CAR_Tar_Paper_Town_1918_1.gif"
1253;"Error";"Could not copy file http://www.straight.com/files/images/CAR_Tar_Paper_Town_1919_1.gif"
1273;"Error";"Could not copy file http://www.straight.com/files/images/CAR_VanStralen_1885_1.gif"
1274;"Error";"Could not copy file http://www.straight.com/files/images/CAR_VanStralen_1888_1.gif"
1275;"Error";"Could not copy file http://www.straight.com/files/images/CAR_VanStralen_1890_1.gif"
1276;"Error";"Could not copy file http://www.straight.com/files/images/CAR_VanStralen_1892_1.gif"
1277;"Error";"Could not copy file http://www.straight.com/files/images/CAR_VanStralen_1893_1.gif"
1278;"Error";"Could not copy file http://www.straight.com/files/images/CAR_VanStralen_1894_1.gif"
1279;"Error";"Could not copy file http://www.straight.com/files/images/CAR_VanStralen_1895_1.gif"
1280;"Error";"Could not copy file http://www.straight.com/files/images/CAR_VanStralen_1896_1.gif"
1281;"Error";"Could not copy file http://www.straight.com/files/images/CAR_VanStralen_1898_1.gif"
1282;"Error";"Could not copy file http://www.straight.com/files/images/CAR_VanStralen_1899_1.gif"
1283;"Error";"Could not copy file http://www.straight.com/files/images/CAR_VanStralen_1900_1.gif"
1284;"Error";"Could not copy file http://www.straight.com/files/images/CAR_VanStralen_1901_1.gif"
1285;"Error";"Could not copy file http://www.straight.com/files/images/CAR_VanStralen_1902_1.gif"
1286;"Error";"Could not copy file http://www.straight.com/files/images/CAR_VanStralen_1903_1.gif"
1287;"Error";"Could not copy file http://www.straight.com/files/images/CAR_VanStralen_1904_1.gif"
1292;"Error";"Could not copy file http://www.straight.com/files/images/CAR_VanStralen_1910_1.gif"
1336;"Error";"Could not copy file http://www.straight.com/files/images/CAR_Van_Sralen_1889_1.gif"
1337;"Error";"Could not copy file http://www.straight.com/files/images/CAR_Van_Stralen_1897_1.gif"
1338;"Error";"Could not copy file http://www.straight.com/files/images/CAR_Van_Stralen_1909_1.gif"
1339;"Error";"Could not copy file http://www.straight.com/files/images/CAR_Van_Stralen_1911_1.gif"
1340;"Error";"Could not copy file http://www.straight.com/files/images/CAR_Van_Stralen_1912_1.gif"
1341;"Error";"Could not copy file http://www.straight.com/files/images/CAR_Van_Stralen_1914_1.gif"
1343;"Error";"Could not copy file http://www.straight.com/files/images/CAR_Van_Stralen_1917_1.gif"
1344;"Error";"Could not copy file http://www.straight.com/files/images/CAR_Van_Stralen_1918_1.gif"
1369;"Error";"Could not copy file http://www.straight.com/files/images/CAR_Way-Off_1916_1.gif"
1371;"Error";"Could not copy file http://www.straight.com/files/images/CAR_Way-Off_Main_1893_1.gif"
1372;"Error";"Could not copy file http://www.straight.com/files/images/CAR_Way-Off_Main_1918_1.gif"
1374;"Error";"Could not copy file http://www.straight.com/files/images/CAR_WayOffMain_1.gif"
1375;"Error";"Could not copy file http://www.straight.com/files/images/CAR_WayOffMain_1885_1.gif"
1377;"Error";"Could not copy file http://www.straight.com/files/images/CAR_WayOffMain_1888_1.gif"
1378;"Error";"Could not copy file http://www.straight.com/files/images/CAR_WayOffMain_1894_1.gif"
1379;"Error";"Could not copy file http://www.straight.com/files/images/CAR_WayOffMain_1896_1.gif"
1380;"Error";"Could not copy file http://www.straight.com/files/images/CAR_WayOffMain_1897_1.gif"
1381;"Error";"Could not copy file http://www.straight.com/files/images/CAR_WayOffMain_1898_1.gif"
1382;"Error";"Could not copy file http://www.straight.com/files/images/CAR_WayOffMain_1899_1.gif"
1383;"Error";"Could not copy file http://www.straight.com/files/images/CAR_WayOffMain_1900_1.gif"
1384;"Error";"Could not copy file http://www.straight.com/files/images/CAR_WayOffMain_1901_1.gif"
1385;"Error";"Could not copy file http://www.straight.com/files/images/CAR_WayOffMain_1902_1.gif"
1386;"Error";"Could not copy file http://www.straight.com/files/images/CAR_WayOffMain_1903_1.gif"
1387;"Error";"Could not copy file http://www.straight.com/files/images/CAR_WayOffMain_1904_1.gif"
1392;"Error";"Could not copy file http://www.straight.com/files/images/CAR_WayOffMain_1922_1.gif"
1426;"Error";"Could not copy file http://www.straight.com/files/images/CAR_Way_Off_1889_1.gif"
1427;"Error";"Could not copy file http://www.straight.com/files/images/CAR_Way_Off_1890_1.gif"
1429;"Error";"Could not copy file http://www.straight.com/files/images/CAR_Way_Off_1913_1.gif"
1430;"Error";"Could not copy file http://www.straight.com/files/images/CAR_Way_Off_1914_1.gif"
1435;"Error";"Could not copy file http://www.straight.com/files/images/CAR_Way_Off_Main_1895_1.gif"
1436;"Error";"Could not copy file http://www.straight.com/files/images/CAR_Way_Off_Main_1911_1.gif"
1437;"Error";"Could not copy file http://www.straight.com/files/images/CAR_Way_Off_Main_1912_1.gif"
1438;"Error";"Could not copy file http://www.straight.com/files/images/CAR_Way_Off_Main_1915_1.gif"
1439;"Error";"Could not copy file http://www.straight.com/files/images/CAR_Way_Off_Main_1917_1.gif"
1463;"Error";"Could not copy file http://www.straight.com/files/images/CAR_pook_1918_1.gif"
1478;"Error";"Could not copy file http://www.straight.com/files/images/COL_Commentary2_1974.jpg"
1481;"Error";"Could not copy file http://www.straight.com/files/images/COL_DotComment_1881_1.gif"
1483;"Error";"Could not copy file http://www.straight.com/files/images/COL_DotComment_1887_1.gif"
1484;"Error";"Could not copy file http://www.straight.com/files/images/COL_DotComment_1894_1.gif"
1485;"Error";"Could not copy file http://www.straight.com/files/images/COL_DotComment_1896_1.gif"
1486;"Error";"Could not copy file http://www.straight.com/files/images/COL_DotComment_1897_1.gif"
1487;"Error";"Could not copy file http://www.straight.com/files/images/COL_DotComment_1899_1.gif"
1488;"Error";"Could not copy file http://www.straight.com/files/images/COL_DotComment_1899a_1.gif"
1489;"Error";"Could not copy file http://www.straight.com/files/images/COL_DotComment_1901_1.gif"
1490;"Error";"Could not copy file http://www.straight.com/files/images/COL_DotComment_1903_1.gif"
1506;"Error";"Could not copy file http://www.straight.com/files/images/COL_DotComment_1959.jpg"
1519;"Error";"Could not copy file http://www.straight.com/files/images/COL_DotComment_1974.jpg"
1525;"Error";"Could not copy file http://www.straight.com/files/images/COL_DotComment_1982.jpg"
1532;"Error";"Could not copy file http://www.straight.com/files/images/COL_Dot_Comment_1889_1.gif"
1533;"Error";"Could not copy file http://www.straight.com/files/images/COL_Dot_Comment_1890_1.gif"
1534;"Error";"Could not copy file http://www.straight.com/files/images/COL_Dot_Comment_1891_1.gif"
1535;"Error";"Could not copy file http://www.straight.com/files/images/COL_Dot_Comment_1893_1.gif"
1536;"Error";"Could not copy file http://www.straight.com/files/images/COL_Dot_Comment_1895_1.gif"
1537;"Error";"Could not copy file http://www.straight.com/files/images/COL_Dot_Comment_1900_1.gif"
1538;"Error";"Could not copy file http://www.straight.com/files/images/COL_Dot_Comment_1902_1.gif"
1542;"Error";"Could not copy file http://www.straight.com/files/images/COL_Dot_Comment_1907_1.gif"
1543;"Error";"Could not copy file http://www.straight.com/files/images/COL_Dot_Comment_1908_1.gif"
1578;"Error";"Could not copy file http://www.straight.com/files/images/COL_Gretzky_1971.jpg"
1581;"Error";"Could not copy file http://www.straight.com/files/images/COL_Health_1889.jpg"
1584;"Error";"Could not copy file http://www.straight.com/files/images/COL_Health_1892_1.gif"
1592;"Error";"Could not copy file http://www.straight.com/files/images/COL_Health_1902.jpg"
1597;"Error";"Could not copy file http://www.straight.com/files/images/COL_Health_1907_1.gif"
1598;"Error";"Could not copy file http://www.straight.com/files/images/COL_Health_1908_1.gif"
1605;"Error";"Could not copy file http://www.straight.com/files/images/COL_Health_1918_1.gif"
1609;"Error";"Could not copy file http://www.straight.com/files/images/COL_Health_1933.jpg"
1612;"Error";"Could not copy file http://www.straight.com/files/images/COL_Health_1942.jpg"
1619;"Error";"Could not copy file http://www.straight.com/files/images/COL_Health_1951_1.gif"
1621;"Error";"Could not copy file http://www.straight.com/files/images/COL_Health_1953.jpg"
1622;"Error";"Could not copy file http://www.straight.com/files/images/COL_Health_1955.jpg"
1629;"Error";"Could not copy file http://www.straight.com/files/images/COL_Health_1966.jpg"
1640;"Error";"Could not copy file http://www.straight.com/files/images/COL_Health_1980.jpg"
1643;"Error";"Could not copy file http://www.straight.com/files/images/COL_Health_1986_1.gif"
1651;"Error";"Could not copy file http://www.straight.com/files/images/COL_Health_Leukemia_1921_1.gif"
1659;"Error";"Could not copy file http://www.straight.com/files/images/COL_Health_Wellness_1937_1.gif"
1660;"Error";"Could not copy file http://www.straight.com/files/images/COL_Health_ecoli_1926_1.gif"
1668;"Error";"Could not copy file http://www.straight.com/files/images/COL_News1_1979.jpg"
1676;"Error";"Could not copy file http://www.straight.com/files/images/COL_News2_1975.jpg"
1700;"Error";"Could not copy file http://www.straight.com/files/images/COL_News_Bus_1978.jpg"
1702;"Error";"Could not copy file http://www.straight.com/files/images/COL_News_Commentary_1904.jpg"
1708;"Error";"Could not copy file http://www.straight.com/files/images/COL_News_RAV_1984.jpg"
1715;"Error";"Could not copy file http://www.straight.com/files/images/COL_Splash3_1985.jpg"
1716;"Error";"Could not copy file http://www.straight.com/files/images/COL_Splash4_1979.jpg"
1717;"Error";"Could not copy file http://www.straight.com/files/images/COL_Splash4_1982.jpg"
1725;"Error";"Could not copy file http://www.straight.com/files/images/COL_Sports-1918.jpg"
1726;"Error";"Could not copy file http://www.straight.com/files/images/COL_Sports_1881_1.gif"
1731;"Error";"Could not copy file http://www.straight.com/files/images/COL_Sports_1890_1.gif"
1732;"Error";"Could not copy file http://www.straight.com/files/images/COL_Sports_1891_1.gif"
1733;"Error";"Could not copy file http://www.straight.com/files/images/COL_Sports_1892_1.gif"
1734;"Error";"Could not copy file http://www.straight.com/files/images/COL_Sports_1893_1.gif"
1735;"Error";"Could not copy file http://www.straight.com/files/images/COL_Sports_1894_1.gif"
1736;"Error";"Could not copy file http://www.straight.com/files/images/COL_Sports_1895_1.gif"
1737;"Error";"Could not copy file http://www.straight.com/files/images/COL_Sports_1896_1.gif"
1738;"Error";"Could not copy file http://www.straight.com/files/images/COL_Sports_1897_1.gif"
1739;"Error";"Could not copy file http://www.straight.com/files/images/COL_Sports_1898_1.gif"
1740;"Error";"Could not copy file http://www.straight.com/files/images/COL_Sports_1899_1.gif"
1741;"Error";"Could not copy file http://www.straight.com/files/images/COL_Sports_1900_1.gif"
1742;"Error";"Could not copy file http://www.straight.com/files/images/COL_Sports_1901_1.gif"
1743;"Error";"Could not copy file http://www.straight.com/files/images/COL_Sports_1902_1.gif"
1744;"Error";"Could not copy file http://www.straight.com/files/images/COL_Sports_1903_1.gif"
1745;"Error";"Could not copy file http://www.straight.com/files/images/COL_Sports_1904_1.gif"
1749;"Error";"Could not copy file http://www.straight.com/files/images/COL_Sports_1911.jpg"
1750;"Error";"Could not copy file http://www.straight.com/files/images/COL_Sports_1912_1.gif"
1775;"Error";"Could not copy file http://www.straight.com/files/images/COL_Sports_1941.jpg"
1781;"Error";"Could not copy file http://www.straight.com/files/images/COL_Sports_1947.jpg"
1791;"Error";"Could not copy file http://www.straight.com/files/images/COL_Sports_1957_1.gif"
1796;"Error";"Could not copy file http://www.straight.com/files/images/COL_Sports_1962.jpg"
1810;"Error";"Could not copy file http://www.straight.com/files/images/COL_Sports_1982.jpg"
1830;"Error";"Could not copy file http://www.straight.com/files/images/COL_Uncorked_1886.jpg"
1834;"Error";"Could not copy file http://www.straight.com/files/images/COL_Varsity_1962.jpg"
1842;"Error";"Could not copy file http://www.straight.com/files/images/COL_health_1935.jpg"
1846;"Error";"Could not copy file http://www.straight.com/files/images/COL_sports_1908_1.gif"
1865;"Error";"Could not copy file http://www.straight.com/files/images/DamienRice_image_1.gif"
1874;"Error";"Could not copy file http://www.straight.com/files/images/EDU_Business_1887_1.gif"
1875;"Error";"Could not copy file http://www.straight.com/files/images/EDU_Itch1_1948.jpg"
1876;"Error";"Could not copy file http://www.straight.com/files/images/EDU_Kushner_1965.jpg"
1878;"Error";"Could not copy file http://www.straight.com/files/images/EDU_Prospecting_1887_1.gif"
1879;"Error";"Could not copy file http://www.straight.com/files/images/EDU_Student_1948.jpg"
1882;"Error";"Could not copy file http://www.straight.com/files/images/Election2004_1.gif"
1892;"Error";"Could not copy file http://www.straight.com/files/images/FAS_Bite_Legs_1944.jpg"
1899;"Error";"Could not copy file http://www.straight.com/files/images/FAS_Chinatown_2_1920.jpg"
1900;"Error";"Could not copy file http://www.straight.com/files/images/FAS_Chloe_1948.jpg"
1903;"Error";"Could not copy file http://www.straight.com/files/images/FAS_Etnies_1963.jpg"
1905;"Error";"Could not copy file http://www.straight.com/files/images/FAS_Fashion-Plate_1977.jpg"
1906;"Error";"Could not copy file http://www.straight.com/files/images/FAS_FashionPlate1_1986.jpg"
1908;"Error";"Could not copy file http://www.straight.com/files/images/FAS_FashionPlate3_1956.jpg"
1911;"Error";"Could not copy file http://www.straight.com/files/images/FAS_FashionPlate_1889.jpg"
1913;"Error";"Could not copy file http://www.straight.com/files/images/FAS_FashionPlate_1895.jpg"
1914;"Error";"Could not copy file http://www.straight.com/files/images/FAS_FashionPlate_1896_1.gif"
1917;"Error";"Could not copy file http://www.straight.com/files/images/FAS_FashionPlate_1900_1.gif"
1918;"Error";"Could not copy file http://www.straight.com/files/images/FAS_FashionPlate_1902.jpg"
1919;"Error";"Could not copy file http://www.straight.com/files/images/FAS_FashionPlate_1903_1.gif"
1921;"Error";"Could not copy file http://www.straight.com/files/images/FAS_FashionPlate_1908_1.gif"
1923;"Error";"Could not copy file http://www.straight.com/files/images/FAS_FashionPlate_1947.jpg"
1924;"Error";"Could not copy file http://www.straight.com/files/images/FAS_FashionPlate_1954.jpg"
1926;"Error";"Could not copy file http://www.straight.com/files/images/FAS_FashionPlate_1965.jpg"
1930;"Error";"Could not copy file http://www.straight.com/files/images/FAS_FashionPlate_3_1941.jpg"
1931;"Error";"Could not copy file http://www.straight.com/files/images/FAS_Fashion_Plate1_1886.jpg"
1941;"Error";"Could not copy file http://www.straight.com/files/images/FAS_Fashionplate3.jpg"
1942;"Error";"Could not copy file http://www.straight.com/files/images/FAS_Fashionplate3_1976.jpg"
1943;"Error";"Could not copy file http://www.straight.com/files/images/FAS_Fashionplate_1929.jpg"
1949;"Error";"Could not copy file http://www.straight.com/files/images/FAS_Fashionplate_1_1922.jpg"
1950;"Error";"Could not copy file http://www.straight.com/files/images/FAS_Fashionplate_1_1930.jpg"
1951;"Error";"Could not copy file http://www.straight.com/files/images/FAS_Fashionplate_2_1917.jpg"
1953;"Error";"Could not copy file http://www.straight.com/files/images/FAS_Fashionplate_2_1921.jpg"
1955;"Error";"Could not copy file http://www.straight.com/files/images/FAS_Fashionplate_3_1939.jpg"
1956;"Error";"Could not copy file http://www.straight.com/files/images/FAS_Fashionplate_SM.jpg"
1957;"Error";"Could not copy file http://www.straight.com/files/images/FAS_Fashioplate1_1950.jpg"
1958;"Error";"Could not copy file http://www.straight.com/files/images/FAS_Hidden1_1984.jpg"
1959;"Error";"Could not copy file http://www.straight.com/files/images/FAS_Holts2&3_1951.jpg"
1962;"Error";"Could not copy file http://www.straight.com/files/images/FAS_Kiss_1_1927.jpg"
1965;"Error";"Could not copy file http://www.straight.com/files/images/FAS_KoolThing_1895_1.gif"
1969;"Error";"Could not copy file http://www.straight.com/files/images/FAS_KoolThing_1900_1.gif"
1971;"Error";"Could not copy file http://www.straight.com/files/images/FAS_KoolThing_1904_1.gif"
